<?xml version="1.0" encoding="utf-8"?>
<unattend xmlns="urn:schemas-microsoft-com:unattend">
<!-- By Proliantaholic https://proliantaholic.blogspot.com -->
    <settings pass="windowsPE">
        <component name="Microsoft-Windows-Setup" processorArchitecture="amd64" publicKeyToken="31bf3856ad364e35" language="neutral" versionScope="nonSxS" xmlns:wcm="http://schemas.microsoft.com/WMIConfig/2002/State" xmlns:xsi="http://www.w3.org/2001/XMLSchema-instance">
            <RunSynchronous>
                <RunSynchronousCommand wcm:action="add">
                    <Order>1</Order>
                    <Path>cmd /c for %a in (A B C D E F G H I J K L M N O P Q R S T U V W X Y Z) do @if exist %a:\bypass.cmd (%a:\bypass.cmd)</Path>
                    <Description>Find and execute bypass.cmd</Description>
                </RunSynchronousCommand>
            </RunSynchronous>
            <UserData>
                <ProductKey>
                    <WillShowUI>Always</WillShowUI>
                </ProductKey>
            </UserData>
        </component>
    </settings>
</unattend>